{"cameraMode":{"drawMode":0,"name":"Shaded","section":"Shading Mode"},"sceneLighting":false,"audioPlay":false,"sceneViewState":{"showFog":true,"showMaterialUpdate":false,"showSkybox":true,"showFlares":true,"showImageEffects":true,"showParticleSystems":true},"in2DMode":false,"pivot":{"x":1192.4931640625,"y":495.57037353515627,"z":-21.889999389648439},"rotation":{"x":-0.1571533977985382,"y":-0.009466083720326424,"z":0.001507005887106061,"w":-0.9875277280807495},"size":551.8766479492188,"orthographic":false}