{"cameraMode":{"drawMode":0,"name":"Shaded","section":"Shading Mode"},"sceneLighting":false,"audioPlay":false,"sceneViewState":{"showFog":true,"showMaterialUpdate":false,"showSkybox":true,"showFlares":true,"showImageEffects":true,"showParticleSystems":true},"in2DMode":false,"pivot":{"x":9.96621036529541,"y":-1.646642804145813,"z":1.0678128004074097},"rotation":{"x":0.02309136465191841,"y":0.4227638840675354,"z":0.01077413372695446,"w":-0.9058815836906433},"size":0.00005715767838410102,"orthographic":false}