{"cameraMode":{"drawMode":0,"name":"Shaded","section":"Shading Mode"},"sceneLighting":false,"audioPlay":false,"sceneViewState":{"showFog":true,"showMaterialUpdate":false,"showSkybox":true,"showFlares":true,"showImageEffects":true,"showParticleSystems":true},"in2DMode":false,"pivot":{"x":-20.440000534057618,"y":0.7300000190734863,"z":25.40999984741211},"rotation":{"x":-0.008853818289935589,"y":0.9094319343566895,"z":-0.019386889412999154,"w":-0.4153064489364624},"size":2.8578836917877199,"orthographic":false}