{"cameraMode":{"drawMode":0,"name":"Shaded","section":"Shading Mode"},"sceneLighting":false,"audioPlay":false,"sceneViewState":{"showFog":true,"showMaterialUpdate":false,"showSkybox":true,"showFlares":true,"showImageEffects":true,"showParticleSystems":true},"in2DMode":false,"pivot":{"x":-25.6299991607666,"y":0.7300000190734863,"z":25.40999984741211},"rotation":{"x":-0.10321897268295288,"y":-0.04295901954174042,"z":0.004462160635739565,"w":-0.993720531463623},"size":2.8578836917877199,"orthographic":false}