{"cameraMode":{"drawMode":0,"name":"Shaded","section":"Shading Mode"},"sceneLighting":false,"audioPlay":false,"sceneViewState":{"showFog":true,"showMaterialUpdate":false,"showSkybox":true,"showFlares":true,"showImageEffects":true,"showParticleSystems":true},"in2DMode":false,"pivot":{"x":-23.53973960876465,"y":-2.3300163745880129,"z":-9.749505043029786},"rotation":{"x":0.010209495201706887,"y":0.9711621999740601,"z":-0.0422874316573143,"w":0.23441758751869203},"size":22.0,"orthographic":false}