{"cameraMode":{"drawMode":0,"name":"Shaded","section":"Shading Mode"},"sceneLighting":false,"audioPlay":false,"sceneViewState":{"showFog":true,"showMaterialUpdate":false,"showSkybox":true,"showFlares":true,"showImageEffects":true,"showParticleSystems":true},"in2DMode":false,"pivot":{"x":-2.8165764808654787,"y":2.3247013092041017,"z":-4.168268203735352},"rotation":{"x":-0.0011080983094871045,"y":0.9983980059623718,"z":-0.052480194717645648,"w":-0.021121134981513025},"size":22.0,"orthographic":false}