{"cameraMode":{"drawMode":0,"name":"Shaded","section":"Shading Mode"},"sceneLighting":false,"audioPlay":false,"sceneViewState":{"showFog":true,"showMaterialUpdate":false,"showSkybox":true,"showFlares":true,"showImageEffects":true,"showParticleSystems":true},"in2DMode":false,"pivot":{"x":-8.679848670959473,"y":-0.639675498008728,"z":-4.028244972229004},"rotation":{"x":-0.011397208087146283,"y":0.3087947964668274,"z":0.003702753921970725,"w":0.9510532021522522},"size":0.00005715767838410102,"orthographic":false}