{"cameraMode":{"drawMode":0,"name":"Shaded","section":"Shading Mode"},"sceneLighting":true,"audioPlay":false,"sceneViewState":{"showFog":true,"showMaterialUpdate":false,"showSkybox":true,"showFlares":true,"showImageEffects":true,"showParticleSystems":true},"in2DMode":false,"pivot":{"x":3.1988654136657717,"y":0.13371874392032624,"z":-1.5658321380615235},"rotation":{"x":0.0024723089300096037,"y":0.8370848894119263,"z":-0.0037790914066135885,"w":0.5470544099807739},"size":5.768072605133057,"orthographic":false}