{"cameraMode":{"drawMode":0,"name":"Shaded","section":"Shading Mode"},"sceneLighting":false,"audioPlay":false,"sceneViewState":{"showFog":true,"showMaterialUpdate":false,"showSkybox":true,"showFlares":true,"showImageEffects":true,"showParticleSystems":true},"in2DMode":false,"pivot":{"x":636.2164306640625,"y":373.63330078125,"z":-117.72357177734375},"rotation":{"x":-0.19644826650619508,"y":0.36425188183784487,"z":-0.07889941334724426,"w":-0.9069197773933411},"size":502.82135009765627,"orthographic":false}