{"cameraMode":{"drawMode":0,"name":"Shaded","section":"Shading Mode"},"sceneLighting":false,"audioPlay":false,"sceneViewState":{"showFog":true,"showMaterialUpdate":false,"showSkybox":true,"showFlares":true,"showImageEffects":true,"showParticleSystems":true},"in2DMode":false,"pivot":{"x":-6.35157585144043,"y":4.588712215423584,"z":14.524433135986329},"rotation":{"x":0.000015361847545136698,"y":-0.19185423851013184,"z":0.0000052009399951202799,"w":0.9814234375953674},"size":68.95502471923828,"orthographic":false}