{"cameraMode":{"drawMode":0,"name":"Shaded","section":"Shading Mode"},"sceneLighting":false,"audioPlay":false,"sceneViewState":{"showFog":true,"showMaterialUpdate":false,"showSkybox":true,"showFlares":true,"showImageEffects":true,"showParticleSystems":true},"in2DMode":false,"pivot":{"x":-24.090896606445314,"y":1.186197280883789,"z":-10.931612014770508},"rotation":{"x":-0.004941170569509268,"y":0.5637651085853577,"z":0.003375420579686761,"w":0.8259135484695435},"size":2.700057029724121,"orthographic":false}