{"cameraMode":{"drawMode":0,"name":"Shaded","section":"Shading Mode"},"sceneLighting":false,"audioPlay":false,"sceneViewState":{"showFog":true,"showMaterialUpdate":false,"showSkybox":true,"showFlares":true,"showImageEffects":true,"showParticleSystems":true},"in2DMode":false,"pivot":{"x":21.577730178833009,"y":3.1076745986938478,"z":28.300081253051759},"rotation":{"x":-0.010821611620485783,"y":0.9452309012413025,"z":-0.03150144964456558,"w":-0.3246985077857971},"size":6.228612899780273,"orthographic":false}