{"cameraMode":{"drawMode":0,"name":"Shaded","section":"Shading Mode"},"sceneLighting":false,"audioPlay":false,"sceneViewState":{"showFog":true,"showMaterialUpdate":false,"showSkybox":true,"showFlares":true,"showImageEffects":true,"showParticleSystems":true},"in2DMode":false,"pivot":{"x":-3.9300003051757814,"y":0.0,"z":-9.939998626708985},"rotation":{"x":-0.008853818289935589,"y":0.9094319343566895,"z":-0.019386889412999154,"w":-0.4153064489364624},"size":83.07868957519531,"orthographic":false}