{"cameraMode":{"drawMode":0,"name":"Shaded","section":"Shading Mode"},"sceneLighting":false,"audioPlay":false,"sceneViewState":{"showFog":true,"showMaterialUpdate":false,"showSkybox":true,"showFlares":true,"showImageEffects":true,"showParticleSystems":true},"in2DMode":false,"pivot":{"x":-13.99380874633789,"y":0.7358180284500122,"z":13.46737289428711},"rotation":{"x":0.006926568225026131,"y":0.3789229989051819,"z":0.002833862788975239,"w":-0.9253979325294495},"size":31.28621482849121,"orthographic":false}