{"cameraMode":{"drawMode":0,"name":"Shaded","section":"Shading Mode"},"sceneLighting":false,"audioPlay":false,"sceneViewState":{"showFog":true,"showMaterialUpdate":false,"showSkybox":true,"showFlares":true,"showImageEffects":true,"showParticleSystems":true},"in2DMode":false,"pivot":{"x":-20.206470489501954,"y":-0.38967186212539675,"z":-0.9228179454803467},"rotation":{"x":-0.016255086287856103,"y":0.632107138633728,"z":0.013267645612359047,"w":0.7745968699455261},"size":11.175105094909668,"orthographic":false}