{"cameraMode":{"drawMode":0,"name":"Shaded","section":"Shading Mode"},"sceneLighting":false,"audioPlay":false,"sceneViewState":{"showFog":true,"showMaterialUpdate":false,"showSkybox":true,"showFlares":true,"showImageEffects":true,"showParticleSystems":true},"in2DMode":false,"pivot":{"x":-3.725290298461914e-9,"y":0.04951661825180054,"z":0.10013261437416077},"rotation":{"x":0.006997713353484869,"y":0.9878858327865601,"z":-0.1478065401315689,"w":0.04675264284014702},"size":1.0110576152801514,"orthographic":false}