{"cameraMode":{"drawMode":0,"name":"Shaded","section":"Shading Mode"},"sceneLighting":false,"audioPlay":false,"sceneViewState":{"showFog":true,"showMaterialUpdate":false,"showSkybox":true,"showFlares":true,"showImageEffects":true,"showParticleSystems":true},"in2DMode":false,"pivot":{"x":-9.059042930603028,"y":-0.7393455505371094,"z":-2.8145911693573},"rotation":{"x":-0.0925254225730896,"y":0.7328857183456421,"z":0.10177452862262726,"w":0.6663029193878174},"size":12.45005989074707,"orthographic":false}