{"cameraMode":{"drawMode":0,"name":"Shaded","section":"Shading Mode"},"sceneLighting":false,"audioPlay":false,"sceneViewState":{"showFog":true,"showMaterialUpdate":false,"showSkybox":true,"showFlares":true,"showImageEffects":true,"showParticleSystems":true},"in2DMode":false,"pivot":{"x":-0.9902769923210144,"y":0.301151841878891,"z":-0.9293015003204346},"rotation":{"x":0.0358906090259552,"y":0.3913749158382416,"z":-0.015275737270712853,"w":0.9194043278694153},"size":1.8000571727752686,"orthographic":false}