{"cameraMode":{"drawMode":0,"name":"Shaded","section":"Shading Mode"},"sceneLighting":false,"audioPlay":false,"sceneViewState":{"showFog":true,"showMaterialUpdate":false,"showSkybox":true,"showFlares":true,"showImageEffects":true,"showParticleSystems":true},"in2DMode":false,"pivot":{"x":-25.6299991607666,"y":0.7300000190734863,"z":25.40999984741211},"rotation":{"x":0.2640150189399719,"y":0.029532941058278085,"z":-0.008087574504315853,"w":0.9640324115753174},"size":2.8578836917877199,"orthographic":false}