{"cameraMode":{"drawMode":0,"name":"Shaded","section":"Shading Mode"},"sceneLighting":false,"audioPlay":false,"sceneViewState":{"showFog":true,"showMaterialUpdate":false,"showSkybox":true,"showFlares":true,"showImageEffects":true,"showParticleSystems":true},"in2DMode":false,"pivot":{"x":-20.440000534057618,"y":0.7300000190734863,"z":25.40999984741211},"rotation":{"x":-0.016806764528155328,"y":0.01859341561794281,"z":-0.0003125208895653486,"w":-0.9996858835220337},"size":2.8578836917877199,"orthographic":false}