{"cameraMode":{"drawMode":0,"name":"Shaded","section":"Shading Mode"},"sceneLighting":false,"audioPlay":false,"sceneViewState":{"showFog":true,"showMaterialUpdate":false,"showSkybox":true,"showFlares":true,"showImageEffects":true,"showParticleSystems":true},"in2DMode":false,"pivot":{"x":26.785911560058595,"y":-0.06874990463256836,"z":-19.66627311706543},"rotation":{"x":-0.016806764528155328,"y":0.01859341561794281,"z":-0.0003125208895653486,"w":-0.9996858835220337},"size":19.12360382080078,"orthographic":false}