{"cameraMode":{"drawMode":0,"name":"Shaded","section":"Shading Mode"},"sceneLighting":true,"audioPlay":false,"sceneViewState":{"showFog":true,"showMaterialUpdate":false,"showSkybox":true,"showFlares":true,"showImageEffects":true,"showParticleSystems":true},"in2DMode":false,"pivot":{"x":504.4398193359375,"y":236.39227294921876,"z":9.5458984375},"rotation":{"x":-0.028165269643068315,"y":-0.0350390300154686,"z":-0.0009866998298093677,"w":0.9989885091781616},"size":722.2371215820313,"orthographic":false}