{"cameraMode":{"drawMode":0,"name":"Shaded","section":"Shading Mode"},"sceneLighting":false,"audioPlay":false,"sceneViewState":{"showFog":true,"showMaterialUpdate":false,"showSkybox":true,"showFlares":true,"showImageEffects":true,"showParticleSystems":true},"in2DMode":false,"pivot":{"x":90.19999694824219,"y":5.329362869262695,"z":-41.45546340942383},"rotation":{"x":-0.016806764528155328,"y":0.01859341561794281,"z":-0.0003125208895653486,"w":-0.9996858835220337},"size":30.199077606201173,"orthographic":false}