{"cameraMode":{"drawMode":0,"name":"Shaded","section":"Shading Mode"},"sceneLighting":false,"audioPlay":false,"sceneViewState":{"showFog":true,"showMaterialUpdate":false,"showSkybox":true,"showFlares":true,"showImageEffects":true,"showParticleSystems":true},"in2DMode":false,"pivot":{"x":-0.36318254470825198,"y":5.001428604125977,"z":-0.6075925827026367},"rotation":{"x":-0.016806764528155328,"y":0.01859341561794281,"z":-0.0003125208895653486,"w":-0.9996858835220337},"size":28.99851417541504,"orthographic":false}