{"cameraMode":{"drawMode":0,"name":"Shaded","section":"Shading Mode"},"sceneLighting":false,"audioPlay":false,"sceneViewState":{"showFog":true,"showMaterialUpdate":false,"showSkybox":true,"showFlares":true,"showImageEffects":true,"showParticleSystems":true},"in2DMode":false,"pivot":{"x":0.0,"y":-5.587935447692871e-9,"z":3.725290298461914e-9},"rotation":{"x":0.2640150189399719,"y":0.029532941058278085,"z":-0.008087574504315853,"w":0.9640324115753174},"size":0.30754539370536806,"orthographic":false}